{
  "winner": "MLP",
  "test_metrics": {
    "MAE": 0.28176031540348073,
    "RMSE": 0.41496847967085765,
    "R2": 0.9999133215573174
  }
}