{
  "winner": "LR",
  "test_metrics": {
    "MAE": 8.226728288337285e-14,
    "RMSE": 1.1522429075147964e-13,
    "R2": 1.0
  }
}